id,label,provider,category,priority,officialUrl,finalUrl,host,status,httpStatus,method,redirected,reason,operatorAction,checkedAt,durationMs
gs25-event-goods,GS25 행사상품과 카드 할인,official_event,마트/편의점 | 무료혜택,high,https://gs25.gsretail.com/gscvs/ko/products/event-goods,http://gs25.gsretail.com/gscvs/ko/products/event-goods,gs25.gsretail.com,reachable,200,GET,true,official_url_redirected_to_same_host,승인 feed 후보로 유지하고 refresh:news 또는 수동 매핑에 연결,2026-06-03T21:07:20.373Z,80
cu-plus-event,CU 편의점 1+1·2+1 행사,official_event,마트/편의점,high,https://cu.bgfretail.com/event/plus.do?category=event&depth2=1,https://cu.bgfretail.com/event/plus.do?category=event&depth2=1,cu.bgfretail.com,reachable,200,GET,false,official_url_reachable,승인 feed 후보로 유지하고 refresh:news 또는 수동 매핑에 연결,2026-06-03T21:07:20.415Z,84
ssg-event-main,SSG닷컴 공식 장보기 행사,official_event,식품/생필품 | 마트/편의점,high,https://www.ssg.com/event/eventMain.ssg,https://www.ssg.com/event/eventMain.ssg,ssg.com,reachable,200,HEAD,false,official_url_reachable,승인 feed 후보로 유지하고 refresh:news 또는 수동 매핑에 연결,2026-06-03T21:07:20.416Z,197
emart-event-main,이마트몰 공식 행사,official_event,식품/생필품 | 마트/편의점,medium,https://emart.ssg.com/event/eventMain.ssg,https://emart.ssg.com/event/eventMain.ssg,emart.ssg.com,reachable,200,HEAD,false,official_url_reachable,승인 feed 후보로 유지하고 refresh:news 또는 수동 매핑에 연결,2026-06-03T21:07:20.417Z,232
homeplus-event,홈플러스 공식 이벤트,official_event,식품/생필품 | 마트/편의점,medium,https://front.homeplus.co.kr/event,https://front.homeplus.co.kr/event,front.homeplus.co.kr,reachable,200,HEAD,false,official_url_reachable,승인 feed 후보로 유지하고 refresh:news 또는 수동 매핑에 연결,2026-06-03T21:07:20.418Z,68
yogiyo-event,요기요 배달 쿠폰 이벤트,event_news,외식/배달,high,https://www.yogiyo.co.kr/mobile/#/event/,https://www.yogiyo.co.kr/mobile/,yogiyo.co.kr,reachable,200,HEAD,false,official_url_reachable,승인 feed 후보로 유지하고 refresh:news 또는 수동 매핑에 연결,2026-06-03T21:07:20.418Z,139
bhc-ecoupon,BHC 공식 e쿠폰,official_event,외식/배달,medium,https://www.bhc.co.kr/eCoupon/purchase,https://www.bhc.co.kr/eCoupon/purchase,bhc.co.kr,reachable,200,HEAD,false,official_url_reachable,승인 feed 후보로 유지하고 refresh:news 또는 수동 매핑에 연결,2026-06-03T21:07:20.486Z,57
cgv-events,CGV 공식 문화 이벤트,public_coupon,영화/문화 | 무료혜택,medium,https://www.cgv.co.kr/culture-event/event/defaultNew.aspx,https://cgv.co.kr/,cgv.co.kr,guarded,403,GET,true,waf_or_permission_guarded,무단 크롤링하지 말고 공식 API/RSS/제휴 feed 또는 수동 승인 매핑 사용,2026-06-03T21:07:20.543Z,69
lottecinema-events,롯데시네마 공식 이벤트,public_coupon,영화/문화,medium,https://www.lottecinema.co.kr/NLCHS/Event,https://www.lottecinema.co.kr/NLCHS/Event,lottecinema.co.kr,reachable,200,HEAD,false,official_url_reachable,승인 feed 후보로 유지하고 refresh:news 또는 수동 매핑에 연결,2026-06-03T21:07:20.557Z,61
culture-day,문화가 있는 날 공식 혜택,public_coupon,영화/문화 | 정부/공공혜택 | 무료혜택,high,https://www.culture.go.kr/wday/main/main.do,https://www.culture.go.kr/local/,culture.go.kr,reachable,200,HEAD,true,official_url_redirected_to_same_host,승인 feed 후보로 유지하고 refresh:news 또는 수동 매핑에 연결,2026-06-03T21:07:20.583Z,351
mnuri-benefit,문화누리카드 공식 사용 혜택,public_coupon,정부/공공혜택 | 영화/문화,high,https://www.mnuri.kr/main/main.do,https://www.mnuri.kr/main/main.do,mnuri.kr,reachable,200,GET,false,official_url_reachable,승인 feed 후보로 유지하고 refresh:news 또는 수동 매핑에 연결,2026-06-03T21:07:20.613Z,233
naverpay-benefit,네이버페이 공식 이벤트 혜택,official_event,카드/멤버십 | 무료혜택,high,https://new-m.pay.naver.com/pcpay/eventbenefit,https://nid.naver.com/nidlogin.login?svctype=262144&url=http%3A%2F%2Fpoint.pay.naver.com%2Fpc%2Fmain,nid.naver.com,guarded,200,HEAD,true,login_or_permission_redirect,로그인/권한 페이지를 수집하지 말고 공식 API/RSS/제휴 feed 또는 수동 승인 매핑 사용,2026-06-03T21:07:20.614Z,133
kbcard-events,KB국민카드 공식 이벤트,official_event,카드/멤버십,medium,https://card.kbcard.com/BON/DVIEW/HBBMCXCRVNEC0001,https://card.kbcard.com/BON/DVIEW/HBBMCXCRVNEC0001,card.kbcard.com,reachable,200,HEAD,false,official_url_reachable,승인 feed 후보로 유지하고 refresh:news 또는 수동 매핑에 연결,2026-06-03T21:07:20.618Z,215
bccard-events,BC카드 공식 이벤트,official_event,카드/멤버십,medium,https://www.bccard.com/app/card/EventActn.do?menuId=64,https://www.bccard.com/app/card/EventActn.do?menuId=64,bccard.com,reachable,200,GET,false,official_url_reachable,승인 feed 후보로 유지하고 refresh:news 또는 수동 매핑에 연결,2026-06-03T21:07:20.649Z,49
tworld-membership,T월드 멤버십 할인,official_event,카드/멤버십 | 외식/배달,medium,https://www.tworld.co.kr/poc/html/product/TS3.7.1T.2.html,https://www.tworld.co.kr/poc/html/product/TS3.7.1T.2.html,tworld.co.kr,reachable,200,HEAD,false,official_url_reachable,승인 feed 후보로 유지하고 refresh:news 또는 수동 매핑에 연결,2026-06-03T21:07:20.738Z,46
koreanair-promotion,대한항공 공식 프로모션,event_news,여행/숙박,medium,https://www.koreanair.com/promotion/list,https://www.koreanair.com/promotion/list,koreanair.com,timeout,0,GET,false,timeout,공식 feed 연결 전 브라우저/제휴 담당자 확인 필요,2026-06-03T21:07:20.741Z,4502
jejuair-events,제주항공 공식 진행 이벤트,official_event,여행/숙박,high,https://www.jejuair.net/ko/event/event.do,https://www.jejuair.net/ko/event/event.do,jejuair.net,guarded,403,GET,false,waf_or_permission_guarded,무단 크롤링하지 말고 공식 API/RSS/제휴 feed 또는 수동 승인 매핑 사용,2026-06-03T21:07:20.747Z,45
samsung-shop-event,삼성닷컴 공식 이벤트,official_event,디지털/가전,medium,https://www.samsung.com/sec/shop/event/,https://www.samsung.com/sec/shop/event/,samsung.com,reachable,200,HEAD,false,official_url_reachable,승인 feed 후보로 유지하고 refresh:news 또는 수동 매핑에 연결,2026-06-03T21:07:20.784Z,302
himart-events,하이마트 공식 디지털 행사,official_event,디지털/가전,medium,https://company.himart.co.kr/event/list,https://company.himart.co.kr/event/list,company.himart.co.kr,reachable,200,HEAD,false,official_url_reachable,승인 feed 후보로 유지하고 refresh:news 또는 수동 매핑에 연결,2026-06-03T21:07:20.832Z,100
hmall-official-events,현대Hmall 공식 쇼핑 기획전,news,패션/뷰티 | 식품/생필품,medium,https://www.hyundaihmall.com/front/evntSect.do,https://www.hmall.com/md/dpl/index,hmall.com,reachable,200,HEAD,true,official_url_redirected_to_same_host,승인 feed 후보로 유지하고 refresh:news 또는 수동 매핑에 연결,2026-06-03T21:07:20.833Z,167
musinsa-fashion-festa,무신사 공식 패션 페스타,official_event,패션/뷰티,medium,https://www.musinsa.com/campaign/fashionfesta_1,https://www.musinsa.com/main/musinsa/recommend,musinsa.com,reachable,200,HEAD,true,official_url_redirected_to_same_host,승인 feed 후보로 유지하고 refresh:news 또는 수동 매핑에 연결,2026-06-03T21:07:20.932Z,875
